j9z51404, 15.172320127487183
cva60wny, 9.662795782089233
7h8ic017, 9.112748861312866
iw0sdxjg, 9.191341876983643
m5usrrb7, 9.291674137115479
nmkf0vjo, 9.262970685958862
16o7bz7j, 8.637030363082886
4hkhp66t, 9.803143978118896
l65upfx5, 9.254190921783447
ubbobn90, 9.648983478546143
yvmky9sz, 9.233306884765625
ukh3pvlq, 9.298570156097412
olkogqhb, 9.285216569900513
b10tf0bv, 9.061931848526001
doo5i4g3, 10.68554162979126
7mzg4ukm, 9.463769912719727
6p0g1wf6, 9.241312026977539
py7pubyu, 9.708232402801514
82v2r56u, 9.16664171218872
yb9bi185, 9.584423065185547
6n7zi5jv, 9.436442375183105
qu1wl4mt, 10.872844219207764
k1hdh4cj, 9.748225212097168
lcakuuhp, 9.440609693527222
re7wuvvy, 9.694903135299683
ojrvy0o0, 9.71151876449585
1fyprmu1, 9.424588918685913
gbqxtz61, 9.55120038986206
udj3v8n9, 10.942646265029907
dsjjs68r, 10.93879246711731
s9fkfu6r, 9.59432601928711
fwsdqcdf, 10.01835823059082
eb936jbk, 9.586458206176758
wpj2g9xf, 9.540923357009888
p1w9ce4z, 9.482553243637085
yd54gls5, 7.670809745788574
1udf0xsf, 9.693120002746582
zok95ve4, 9.90364384651184
pbacd98u, 9.144896507263184
144hnszl, 9.831165313720703
49dglm05, 10.06681489944458
gn6yyg0r, 9.630783557891846
09to55ur, 11.193525791168213
sc9f0d03, 9.874237298965454
26v7zviw, 10.149985313415527
orxjj0d0, 10.094037771224976
y74g8okp, 9.93838620185852
j38w6v4y, 9.97913932800293
fr7if50f, 10.068958520889282
q02heolb, 12.126991271972656
sjt1fa3j, 11.135784387588501
5r4pdkxu, 11.026518106460571
vx6zmlyu, 11.273750066757202
pdgw4fhi, 10.509567260742188
elx88uaq, 10.103469848632812
ii5e2fu5, 10.751986742019653
nhh124f3, 10.957111835479736
qgvyyywx, 10.489694833755493
eh7ua41g, 10.393205881118774
1vd84z8m, 11.510114908218384
n8zxhafj, 10.494166135787964
3nang9hp, 10.437153577804565
ewjasx8q, 10.292380094528198
mwjcjnqq, 11.372438192367554
oqnj3cjv, 10.488718032836914
yq1in8tz, 10.074711322784424
m2rencm9, 16.361023664474487
y7m7hy1i, 10.581196308135986
leh4u4yd, 10.419242143630981
32shjc1t, 11.19225001335144
civh8k3g, 11.778594493865967
309qkscp, 10.556214809417725
4i3myf2d, 10.313948154449463
t3egk1gl, 10.233506202697754
910lq2n8, 11.226881265640259
rusxudjm, 11.188169479370117
nza2q1ji, 10.982211828231812
1gtu2lim, 10.986275434494019
nlpy3hpv, 11.739314794540405
4tvkrn53, 12.077847480773926
a7x3ntdp, 10.289201974868774
q4b79sp8, 10.804967880249023
j97c971s, 10.197888135910034
solce8hn, 10.666897296905518
wj9ol9oh, 12.412725448608398
m7pfl5t4, 10.937459230422974
bu26ganm, 11.980866432189941
qlhufa91, 10.493529081344604
3pqaigij, 11.753544807434082
any83clh, 11.46880316734314
h11ts2u7, 11.15775465965271
fnyitqai, 11.578993558883667
qta2p49x, 11.570005893707275
datxqimy, 11.627309322357178
ltpf8qog, 11.021791696548462
20etgzh9, 12.348675966262817
pq4iuojf, 12.533047437667847
d120re0f, 11.011205196380615
pch4v4j0, 16.924424648284912
2zjgoewb, 12.436989784240723
ipdmz0co, 12.700549364089966
bxc28raw, 12.569334506988525
ssr7ane1, 11.35919451713562
onyy3f1h, 12.306384086608887
bvum1j5j, 12.366260528564453
to0jez3f, 12.658260583877563
6dityoty, 12.683729648590088
3q0xcwv9, 12.653792381286621
oe0knwli, 12.066065788269043
9ssmltuu, 12.314486265182495
to5peu4n, 12.306868314743042
o4044yz5, 13.486493110656738
0nkyhuvl, 12.782649993896484
l7v6u0f0, 8.562131881713867
26ggjbgh, 12.571257591247559
gqj4uex0, 12.10666561126709
gokrstqf, 13.083511590957642
skecpchw, 6.224995851516724
8y1hl7ii, 12.781591892242432
g7j0wns7, 12.9053475856781
cvradawy, 12.217236518859863
x40eyi15, 12.950033903121948
j1geh4a1, 12.333259582519531
7fktpxf9, 12.106926202774048
xkmshgic, 12.914365291595459
9yi2s59n, 12.27053427696228
xj633fcr, 13.212153434753418
ffp1ratx, 12.581027030944824
3e00mrlw, 12.683091640472412
ig6dh2fo, 12.083537578582764
t7v5joz0, 12.81891679763794
meijfqhe, 12.722256898880005
kbu0temy, 12.169967651367188
qik3qiq9, 13.254786491394043
ocix6r2x, 13.921629667282104
to7pyt2s, 13.248605489730835
l6poz6h1, 12.966609239578247
v5bvmlwj, 12.992463111877441
5nun4r6x, 12.90165638923645
lcofma4e, 12.644509553909302
csf93fzh, 14.430113792419434
cfj7j7u5, 13.369338512420654
9s6swwoj, 14.090877294540405
ltgwtcqs, 12.714534282684326
euns2ezh, 14.140986680984497
d3z3r5mq, 13.072405815124512
676j5mnk, 12.35899806022644
bucjggzv, 14.444441795349121
wtxkagca, 14.738418340682983
5rycpaw1, 13.97414255142212
afgtljmu, 14.116808891296387
2jwpmce8, 14.336105346679688
2kqzdfx9, 14.343340873718262
3hj8l3ui, 6.953212261199951
dws655im, 14.065198421478271
ilof0qy8, 13.992889881134033
uo0fwtjf, 14.755449533462524
2ihf38gy, 15.280880689620972
y747sadj, 13.965022563934326
o851fpiq, 14.195701599121094
fywavmk1, 14.200807094573975
u6vu8ebk, 14.288143396377563
08w9g1p3, 14.331275701522827
uk9r99yw, 13.178372621536255
b09nqez8, 16.243324995040894
jn5lkfp0, 14.180663824081421
g2sawpi0, 13.901107549667358
c0i3tewu, 12.920421600341797
9qi63yqp, 14.200778245925903
qv7v2um3, 13.67556619644165
9hujm7xt, 14.715397357940674
d3xlxauv, 13.690084457397461
cpjzemya, 12.959470987319946
ymkgmu3x, 13.377670764923096
kv0q9l7q, 13.54293155670166
olw2rfw8, 15.539122819900513
ir7ps00v, 12.567688465118408
v8q2daib, 14.98154592514038
aja5owjs, 6.900232791900635
rb3vvhoj, 13.887078046798706
hr2l9gnv, 14.91907000541687
3o2a1qe1, 14.177167177200317
zdo8gxc0, 14.69879961013794
9o8riteb, 15.158938884735107
7giszz7f, 13.823840141296387
3luhwprd, 13.6738862991333
o52b4n4q, 13.587393522262573
g3xgd0i8, 13.46970796585083
a43yzeyv, 13.465955018997192
9aauoelj, 14.00156569480896
ng506q24, 6.691832065582275
koy4dix9, 14.41379165649414
9qwz2tx3, 14.864607810974121
3xgyol3b, 13.750700950622559
gz90253y, 13.71061372756958
gr6epc0i, 13.755853414535522
864trc7e, 15.120980978012085
4clf60vv, 14.836738348007202
aaecd5xw, 15.094218969345093
xzzcz0es, 15.592372179031372
7jd34h6r, 16.387174606323242
vsa7dcg2, 13.82214903831482
yr7k0cf9, 19.143359899520874
f9nj2kmr, 13.013481140136719
tuf1ubqp, 12.121996879577637
1s5ujewc, 11.732762336730957
hncfbo1s, 10.860493659973145
2qjr24pf, 11.824023962020874
ywt2m91v, 11.825730085372925
qyo22zrb, 12.285733699798584
6mj6x7d5, 12.64807653427124
eormwoqt, 12.017130374908447
g9v9uva9, 34.50982165336609
9aedba5i, 19.855997800827026
yhyng1y8, 21.97790217399597
zw0z2zse, 21.039488077163696
761kyhl2, 11.514614820480347
7h40gj9o, 14.012237787246704
rl44vhbm, 12.15307092666626
ouvlpq5z, 11.33686900138855
hkmpsis0, 27.900287628173828
8g7b9fj2, 18.717188596725464
a9xz6rf4, 28.472057819366455
p7yps4n3, 19.605690717697144
u8j4pppr, 21.91449809074402
8b85gecd, 16.337406873703003
3ervh8th, 9.483622074127197
cvend5j1, 8.94719386100769
4lz1o9u2, 12.384041786193848
ljr32116, 10.300620555877686
hx6kt39t, 22.813599586486816
jf9x73c5, 16.578781127929688
9upkifec, 11.650179147720337
ojeq4cf4, 12.654236316680908
5n8ah1k7, 14.493637800216675
3f07enlr, 11.937721967697144
w32lhbz0, 13.22659683227539
7ryubkjn, 10.626165628433228
q7kqnrhy, 10.772923707962036
e4a61u6o, 15.397948265075684
hu9nx05e, 10.810681581497192
eirr0sam, 10.980739831924438
wf0ipzsi, 15.405954599380493
5ziplv49, 10.474792003631592
fp5zm25k, 11.899829387664795
xebfmwkt, 13.076052904129028
yfx38rkj, 11.126260757446289
zvmff695, 12.113940954208374
4751xdv7, 11.185272932052612
80156l77, 11.107764720916748
ddfccvfi, 13.87056851387024
z1thk4ye, 11.337230682373047
fo3h57nn, 12.27211332321167
efu8p8lb, 11.196302652359009
5dujbvib, 10.701001644134521
fo78u14e, 12.44315242767334
ur6tk6gb, 12.080634832382202
kulqigtc, 12.517038345336914
4n3oi718, 12.070476055145264
9udfz8n5, 12.937516927719116
v3y7y55c, 12.578031301498413
th2kf8s5, 12.943485260009766
33sbju1g, 12.460572004318237
tv5kdd2w, 16.50957226753235
zyq2bmet, 12.450839519500732
mb3zz6fj, 15.323990106582642
wc2v00q5, 13.03507924079895
fjkw2f7c, 12.436067581176758
vykelf3y, 12.806653261184692
705m28zz, 13.261712312698364
agmt1z4b, 12.41222620010376
mm8wfgjs, 12.503203868865967
s3ftswsa, 12.640783786773682
l5r2xl3s, 13.243643760681152
8g6dbka9, 6.764210939407349
c5qjgzi0, 12.683811664581299
e99y1j7t, 12.905310869216919
zecgtwzt, 13.222232341766357
e17t6tb5, 13.086821556091309
p255t7uy, 12.926472425460815
corfry2x, 13.017917156219482
qg4xf2hc, 16.04159641265869
cgujjrf5, 12.241450548171997
leatddhn, 12.558091878890991
7gnq6dmp, 13.461376190185547
jmhpmldp, 12.743844032287598
cz0gkx0d, 14.065959453582764
j36and7g, 13.207364082336426
tw6xwmv5, 13.75311803817749
pthej4u4, 13.349741458892822
tftpg75l, 13.710614204406738
53uplz5w, 13.67639970779419
0072932m, 14.210039377212524
ntcovzft, 6.946183681488037
ylkritt3, 13.702433347702026
z4qwrvrt, 13.60896921157837
iqmop9w2, 14.507986783981323
p54zbu8t, 13.625542163848877
12y1jhn6, 13.84805178642273
ib3exzb8, 13.637563467025757
117eezxq, 13.925047397613525
6wswwhmp, 14.205147981643677
16h3xbg1, 13.891155004501343
4zhft4xl, 13.524940490722656
cmjxt3nv, 14.087875127792358
jz6tk2b3, 13.686094045639038
sza94sxh, 6.832924127578735
1tykee6x, 6.605572462081909
jpadpab1, 14.689047813415527
f3oi2mtu, 13.060245037078857
d761exhp, 14.079878091812134
vpz0tuev, 12.77162480354309
hhvmm5f0, 13.556279420852661
jsu9qk2a, 13.355590105056763
s6p8j5f5, 14.096301317214966
0k3ylb2i, 13.33439040184021
7nlubs67, 14.607146263122559
ghhffnfs, 13.0886709690094
shbion5z, 13.17725419998169
uv7vp7uh, 13.421905040740967
6w5uivnh, 13.7155601978302
6cfscr15, 12.738310813903809
tf1xpccv, 13.149949073791504
j46nv891, 14.511167526245117
7nrid54k, 13.541584491729736
r656xa0k, 14.480470180511475
hq537ddr, 13.306949138641357
zbuy4gf3, 12.812533378601074
7rhfnl4w, 13.459695816040039
nmq06zbp, 13.535836696624756
dh0gcwpr, 15.040242910385132
wslps086, 13.564862966537476
thwadbu0, 13.680155515670776
b41cq0s3, 13.60197925567627
i5yehqpz, 13.576029300689697
uj132zb9, 13.689818143844604
yni29tqj, 13.865403890609741
2ntgnfef, 13.735104084014893
adc1j02p, 14.398890495300293
3owwfvap, 13.608967304229736
4ts85b04, 14.802725553512573
2m7nrtta, 13.713271856307983
jdb1y6s9, 14.07285737991333
7nss1dg2, 14.45288634300232
9danfi48, 13.651424169540405
vhfxrigb, 14.192586660385132
c92v92jz, 14.670377731323242
h2hxsutc, 13.747183322906494
hkqltavm, 13.911343574523926
bzmtgljc, 14.122451305389404
r4ha5sgx, 14.438300848007202
uqvd28yz, 13.681171894073486
ldnbxguz, 6.257042646408081
tchqukgr, 14.304663896560669
2qqbqdtm, 13.693076372146606
eqndy45v, 14.60395097732544
wqmkjydj, 14.06976866722107
84stutpb, 13.534837245941162
fto3jlgv, 14.018076181411743
a3u09xm7, 14.127164363861084
ws4qf8qy, 14.409455299377441
8qeva07y, 14.486675024032593
uzcx0v0d, 15.637348890304565
q708la6e, 14.404603958129883
cqwu044b, 14.488229036331177
v7mewlhj, 15.144500017166138
nsrik1w0, 14.132392644882202
woos9tle, 14.17139196395874
krsfzyvq, 15.179140090942383
wm5zb98n, 14.578620195388794
zze65fsr, 14.571240663528442
na37aiv1, 14.430013179779053
npq93h7s, 6.459737300872803
cey69m42, 13.781707525253296
qu2o3jt5, 15.173264026641846
0wz75s62, 15.580360651016235
4ekg2mbo, 17.340371131896973
uvg8sf6m, 14.625478029251099
827ybd37, 16.46423625946045
z3m13g1i, 5.325418472290039
b3uwzmci, 15.5612154006958
0uoacdma, 15.439440488815308
paenk0qi, 15.760967254638672
2fwkoj6c, 15.444771528244019
bksr0wvv, 15.27788519859314
yv7t3e1y, 15.213046312332153
zggcsppy, 15.790595769882202
k2rt7con, 14.787116765975952
l9a46vsl, 14.281566619873047
cc1jaet9, 14.905187368392944
uljeg4f6, 16.52489161491394
r24iqmn2, 15.002321720123291
2nvjtqgw, 14.694799423217773
f09bkihn, 14.908843994140625
o7o6ehih, 16.325221061706543
e0865g6r, 14.7674081325531
rws288oc, 14.703378200531006
22lh2m7y, 15.99174976348877
jwkg2e5h, 15.215801239013672
jedyl1hz, 15.073962926864624
7fowpdio, 15.929807662963867
nkbc1wcg, 15.753322124481201
5ye76utx, 15.711557626724243
de5kcmjd, 15.770835161209106
styewbga, 14.381021976470947
hx9kfftf, 15.556043863296509
tk60vafy, 16.281240940093994
9k6gkqbl, 15.038814306259155
7eg8canu, 15.984204769134521
zzrns899, 15.530566930770874
njyjybwu, 14.76548719406128
q96drew1, 15.689898014068604
wkxr3n5o, 14.699922561645508
68a5wpqq, 17.626844882965088
pk1mxbjr, 15.164860725402832
ou7ojgd0, 15.509466171264648
lyg7yyfa, 15.851705074310303
3v4mlvij, 16.85837960243225
zyq2xag0, 15.737310886383057
2h803srp, 16.75413680076599
tjsuydy1, 16.74349880218506
4f1k49ex, 15.705034017562866
71txbl0f, 16.964975595474243
nhfu2shj, 16.123165369033813
mq80v03o, 15.897207736968994
uh9hu5b9, 15.744851350784302
ql4j02ps, 17.26652479171753
6yau55mi, 16.29158353805542
g9drfjer, 15.59671139717102
b6czfdw7, 6.656332492828369
z83tf4sg, 15.51514196395874
i7k7zeku, 6.723806858062744
a6rqyysn, 15.928889274597168
i16k7klv, 15.71750783920288
yju26xup, 15.876177310943604
ztuzdlb4, 15.545881986618042
4mii3u7r, 17.692869663238525
iozljmdm, 6.361569166183472
wc9y9fpd, 15.886613607406616
clfy0oyn, 16.839683294296265
wwkkh3rq, 15.844974040985107
vh5igu76, 15.818503856658936
f8sllwz5, 17.428673267364502
n4eccxmg, 16.138298988342285
5iba7mtw, 15.826059818267822
rny3npnk, 15.96742558479309
7mpiltj3, 15.888967275619507
n0pu8b32, 16.986019611358643
7sjjhbyf, 18.231029510498047
lbf35w2b, 16.21582865715027
nn5fwwkx, 6.218979597091675
22mdh1zo, 6.175233364105225
0l108hag, 16.30342984199524
gp1p1wmg, 17.848848581314087
br3qf18i, 15.997222423553467
gja0kzqr, 16.93453097343445
s70oqegm, 16.24644947052002
c5zp4m5o, 16.171876668930054
bbj7l1mo, 7.08427095413208
shpocw1g, 19.25388479232788
xbn3c1qm, 16.20566463470459
r833mge2, 16.173692226409912
osu71a0x, 17.14460301399231
5nj5f1cb, 17.201629877090454
dknfcwam, 15.869043827056885
sadqpfvd, 17.174695014953613
0tkeqe4h, 16.543535709381104
c6oglvyn, 18.017643213272095
8swrd4yw, 16.029895782470703
43rtwknx, 16.716902256011963
7ovmeuhy, 7.6253368854522705
8z82ir05, 16.481619834899902
kl2gjxk5, 18.354715824127197
0c9qyn5z, 16.6323983669281
ytd47id9, 16.757818460464478
na3y9zsn, 16.27027654647827
d0p1g9pl, 16.77924656867981
tdokr5n2, 18.450374841690063
vn0s3ydk, 6.2625062465667725
ir82q28z, 16.581366062164307
x1sdd4mu, 16.557808876037598
tnytitmx, 18.963929176330566
64t3w0wj, 16.733325004577637
88qhnh5h, 16.739388942718506
qee02bnf, 16.61153483390808
85dycv1h, 16.712186574935913
1u0pusri, 17.991257905960083
2gndhu1w, 16.40056037902832
drc78st0, 16.858445644378662
x2pe9i5h, 16.422200441360474
418vc757, 16.416903257369995
k2g25q46, 19.136887788772583
hs31e0oi, 16.89271855354309
wgtvanx9, 16.771903038024902
9bz3r3s0, 16.503963708877563
vcu40ql9, 17.845819234848022
vqkugnqy, 18.926477909088135
3icwale9, 17.02083992958069
iiizdsv0, 16.483572483062744
c8r8dscz, 17.52522110939026
2olgma7x, 16.349836111068726
t7sjfrbt, 17.305745363235474
kvn56vro, 18.77875804901123
akp2bztz, 16.246488094329834
ljb2luf9, 16.77777600288391
fbd077n7, 17.410349130630493
kwucejbt, 15.842041969299316
znujwvyn, 17.393375396728516
8lz0gcgq, 16.451335430145264
axqj0dql, 18.326576948165894
vgc9y65p, 17.394486665725708
4xp77s84, 18.326359272003174
go8khosz, 16.23752760887146
608sy6ol, 19.810789108276367
7qsu1o0k, 16.95138144493103
gjifgwot, 16.970294713974
brmia4dj, 18.471497535705566
jyrszhjg, 18.38796353340149
x81m76jb, 17.026920795440674
g8pgakay, 17.4531831741333
psqwwbwm, 16.709418535232544
vtt9e0it, 20.0771803855896
8djhx325, 16.787450790405273
yw09gj23, 17.096188068389893
vjmmth5x, 16.845020532608032
10a59rsh, 17.003488779067993
i5jvkxai, 18.965034008026123
3qwxjfq6, 6.631408214569092
pdtl1jub, 17.2438063621521
8z83spun, 16.797433614730835
ns1ge899, 8.19551682472229
e3uxlxmx, 18.0906503200531
xda1j74a, 17.089038848876953
i0ujk3ew, 16.842856407165527
c2ncq683, 18.339353799819946
ryonly9i, 12.269240140914917
jdhzg53t, 17.149301528930664
unfehhyr, 6.599248647689819
uwgtznft, 17.24729347229004
4y5i652e, 17.522799968719482
et1rpq3f, 16.446605682373047
9fy8vtfr, 18.32410502433777
jhx38tho, 17.824925899505615
hllwb27w, 17.418195486068726
9fk3vrsd, 17.40723967552185
3a36q1aa, 19.850265741348267
qvsqrwy8, 19.661920309066772
fupgz3gl, 9.80001711845398
03s3cj3w, 17.27323269844055
fehw32uj, 16.545664072036743
c1g8el2r, 13.292073249816895
5s6vxyhi, 18.95281434059143
qagm3vop, 16.795930862426758
5tnbm5yx, 17.308368921279907
xc7c37vk, 5.75339674949646
z4qv6n3v, 18.918156147003174
889fzv1j, 19.523858070373535
0zfpvurq, 16.616502285003662
6b3duxu1, 16.93723177909851
442srf0d, 16.507547616958618
j95f4je1, 18.854960918426514
iyyxb6f0, 19.37498688697815
6r7bfkqj, 17.073784828186035
07ch3rfj, 19.026965141296387
wsxo4ohb, 19.563127040863037
ztufxdl8, 18.885035753250122
fqlz6gb4, 19.23711657524109
6megyulw, 18.95947241783142
1exdxa08, 19.009356021881104
wockimgg, 19.176379442214966
u4ql5994, 19.421682357788086
nwz7p20g, 18.755566120147705
yh4zpcn1, 20.07549738883972
ydwmbsf4, 19.400208950042725
y3ebo0ab, 19.72110676765442
4kn252j9, 18.944323301315308
ccyondtd, 19.67574691772461
64w0hn2i, 19.16885018348694
0sv10qc4, 19.0248761177063
em5qgbob, 19.3300461769104
atvppc50, 18.985929012298584
fjp0a0fz, 19.453333616256714
x1ny4gp5, 19.372926235198975
dwbiz67x, 19.24934434890747
40713gts, 18.999199628829956
z3ujzh6b, 17.77662682533264
ezrz60j1, 17.329163312911987
zoqj8u1w, 17.50399947166443
wkzj53av, 17.75101375579834
bh7pvct5, 17.332184553146362
k5p1ak77, 19.34684729576111
iya8wjo1, 19.43813133239746
sotqntqs, 19.615697383880615
qarlv3ie, 18.659305334091187
xpcc46gn, 18.74605679512024
47w5gbcp, 18.660311222076416
hhefuo3f, 18.819117307662964
namj8h0s, 19.33376669883728
0228pa98, 19.717684984207153
xue57cnc, 18.758732318878174
dna0bfqq, 19.021827697753906
6jwxb4yw, 6.96751594543457
kb2jxeoa, 6.900247097015381
lsop0ln6, 6.6479222774505615
img81f2y, 20.64401650428772
q0z72131, 9.714613437652588
pkfxh0z8, 20.420178174972534
44bk3pzr, 7.751361131668091
hoodal65, 19.961831092834473
efoy7bam, 13.565890312194824
famlmbto, 21.7112033367157
onk1ghek, 19.746152639389038
83d9f17u, 20.595920085906982
ejkhwt6o, 19.859130859375
t9kixuv8, 8.819408178329468
7il083i8, 19.568922519683838
5bq95k43, 20.34935188293457
ohf7mdsv, 19.616382598876953
ler0z6o7, 20.78707265853882
5woqful5, 19.658578872680664
y766ei7v, 17.989806413650513
r0151ptm, 18.124046802520752
9okpbw9r, 18.222968578338623
4elza2bd, 17.781733989715576
gvd679qr, 19.642387628555298
959etx94, 19.428597450256348
7k8ez77n, 20.467933177947998
7ysm5ejs, 19.411900520324707
qpewv84e, 17.73390793800354
dai516xc, 17.889469861984253
34deyppf, 6.314799547195435
sg36zt85, 17.5227530002594
772d05a8, 18.55221724510193
yv8hb067, 18.206881284713745
h918jwhk, 12.43861699104309
dfz50fyz, 18.503352403640747
wvyalpbs, 18.35932207107544
4o26qy5f, 19.71910548210144
chhoa4bl, 18.501232147216797
ux55nnss, 11.26631760597229
qebznw6j, 18.875276565551758
ujnq87ba, 18.821290254592896
89qtu3fu, 19.36117196083069
qsvqofsj, 18.78395128250122
dmxtsr2u, 18.4746310710907
9dg5z9xq, 18.660597801208496
ma8exxva, 18.469894886016846
5vrbjlsn, 18.015549182891846
kpacyl78, 18.520811557769775
snksg5kr, 18.670072078704834
pym8he2x, 19.663434982299805
kl36z3dw, 6.557746410369873
2zfyv1kf, 18.61419987678528
da46bz8e, 17.581966638565063
nf9h68em, 17.92885136604309
qvbik719, 18.233577489852905
co0fhahm, 18.31114101409912
aouco2q5, 19.16065502166748
u5rl8lwl, 17.984193325042725
ig87qxng, 17.951632022857666
z63vvbk5, 18.09860396385193
4e36rx5b, 18.189927339553833
041ns7ci, 18.416132926940918
hor97xc7, 18.020334243774414
sncnxdqy, 17.654940128326416
hfqzu83l, 6.1196348667144775
b8d00k9t, 17.817752599716187
td8los9w, 17.736063241958618
wby4tlnh, 17.511272192001343
r01aw77v, 11.844560623168945
lfvko82j, 17.896331548690796
6qfggfus, 17.35942006111145
f0xxixxo, 18.899729013442993
hvew5thh, 17.33692765235901
u63ygki1, 18.491827249526978
85srz3u8, 17.718483209609985
y2vkra25, 17.566223859786987
jr9426it, 17.65926194190979
4ti1uhwb, 18.377280235290527
5xbjqdnz, 17.7989661693573
gul6cvt8, 17.814934492111206
ia9nnpo9, 17.837191104888916
zbrz40u7, 18.138517141342163
g2r86foa, 17.648104667663574
d3fdeuwy, 5.727875232696533
j9iwqcjj, 18.123833894729614
1yh6by3a, 18.49980592727661
l6lf2j38, 18.08525586128235
5pm8di25, 17.663548469543457
yp9jgkka, 10.34663987159729
kwfu62hh, 16.947049856185913
v15vtin1, 16.399912357330322
bg1m89ic, 17.554704427719116
cupd2nub, 18.29100751876831
qccvo607, 5.862173318862915
0uhsz6cj, 17.50200581550598
pthh2wc1, 17.441184759140015
lrsh3d2b, 17.262134313583374
gjuxjabz, 17.399261236190796
muiqcc5x, 17.789812803268433
6wbrlggs, 18.211445331573486
6eygihma, 17.3998806476593
7hkn3j27, 17.583709239959717
5eqmg2e6, 17.258605480194092
t2i5cukr, 9.853005409240723
3vgoeq1s, 18.254909992218018
bxv43n83, 10.466363191604614
nqxzn9f6, 11.64345645904541
j2wd0lz6, 17.679731130599976
c4vql5ak, 17.44891858100891
1gck9cyz, 5.457152366638184
elybbwt3, 5.382212162017822
uvoielu5, 5.4898786544799805
f2mczz59, 21.196020126342773
7d8vnfhw, 6.822474479675293
i7jt1g2t, 13.824788808822632
4emqcsy7, 18.81400418281555
6xxt6c52, 19.33741545677185
nh7f3o0a, 19.34708309173584
87ggz0ub, 19.089638471603394
0jrommht, 12.465352535247803
xhcnnlaq, 6.812832832336426
sowfyhk3, 19.716245651245117
g10goufl, 6.463533878326416
zam5tbca, 18.37460970878601
3byazmgr, 18.179283618927002
6ttnn6iy, 19.10436773300171
7lkqvd33, 18.055825233459473
1ml3wtl8, 18.32810640335083
uv8bwttd, 19.20521092414856
91iqsw78, 19.475968837738037
pzmzpbf6, 19.565405130386353
27emrs2j, 21.35149884223938
3syk61et, 18.30738115310669
dv0gj9rl, 18.52536630630493
9fwtvjdp, 19.687633752822876
po4apm4d, 22.927372455596924
g5ex3z50, 17.94417095184326
nxdaagzg, 17.959641218185425
l269a5fk, 7.391177415847778
31e8mkms, 19.349785089492798
0opoa5t8, 18.209480047225952
f3jnk9t8, 19.204703330993652
jzjx4ppd, 18.34536910057068
99mpmx36, 17.907333612442017
iwmmr0fx, 17.429800271987915
t35abhe3, 6.024040937423706
tinjbddn, 19.836616277694702
tyr2zgrk, 18.485774517059326
xbh38tu5, 18.02587580680847
vjwng5f1, 5.888596773147583
xhx256oe, 19.701555728912354
kubsiy0p, 18.625884771347046
zhu8ozpe, 17.411144018173218
9thaz2sj, 19.497222661972046
gdgw4j83, 17.821998596191406
lzvzig0v, 12.594687223434448
oc49pqgf, 18.02822494506836
n4lk9dyz, 7.523784637451172
1yccmxnc, 17.679579973220825
oavgpfqc, 7.404360294342041
tr9k7k52, 17.703924894332886
oy4692kz, 21.544771671295166
0tp0l213, 11.790275573730469
rim5q2g7, 6.512472867965698
4275oore, 21.07151222229004
n2s67seg, 17.818588733673096
cwss0h5p, 21.230039358139038
3x4vxdj9, 18.79614782333374
zc68lmlk, 17.87332248687744
kyvff0um, 13.208467960357666
ctvm2kst, 8.879808902740479
yjro3hus, 11.782413959503174
v0hw3l75, 29.309354543685913
re0256kd, 18.823663473129272
a8bd67sf, 20.866025686264038
17ulyshu, 20.585477113723755
dxmnuhdu, 20.50124716758728
m8yeypqh, 18.679843425750732
vkkvlwww, 20.241807460784912
z606usj8, 18.247971296310425
11dhhe1q, 19.031891584396362
m4rb7nns, 18.415072441101074
kk911ndy, 20.26838254928589
r38yural, 18.34159779548645
isv69txa, 18.195677280426025
wlqlx01l, 18.414320468902588
c584xj8r, 18.886741161346436
avdr7ang, 19.59627676010132
6ps78tze, 17.93742537498474
6549udro, 18.844674825668335
azd8q3z4, 6.7038514614105225
qqr8duz5, 20.216485738754272
fbxh7cuy, 20.109171628952026
oh5jlord, 20.83179807662964
ceng4fcy, 22.350098133087158
kgkck2kn, 20.57565975189209
oiktgvwd, 20.211206436157227
s6ijjllf, 19.280966997146606
vq2r1tgv, 18.33301019668579
4h2efc9e, 20.827824115753174
3qbb6dlq, 7.517544984817505
muru6uzi, 20.17484712600708
lr5hrnpq, 18.33206343650818
9qm2ki5s, 14.733790874481201
ohrmxtl6, 12.414398670196533
nvevrq3g, 17.68371033668518
3apgfh8p, 20.01394033432007
j1uf7uog, 20.14228844642639
75b6j3c7, 17.990612030029297
baeln6ms, 18.292054176330566
7240irh4, 8.153118133544922
0tzce8j9, 19.835043907165527
fj06q1un, 18.322787761688232
ms14a7dq, 18.4601309299469
dnox13eb, 21.06140375137329
2a7dh09g, 6.208744525909424
3owy1bfg, 19.053614139556885
xdsh64p9, 20.687071561813354
94vqkopb, 18.91956377029419
ehioot60, 19.082428693771362
d5ut8l5u, 18.831648111343384
vwdycc7t, 7.827679395675659
0ssscqhx, 6.538847923278809
13w1ej10, 19.086172819137573
kes91c32, 18.17357611656189
f8eim4jl, 19.023465633392334
5k9rxd38, 18.532209634780884
6v1a3rpg, 12.033884763717651
tkf8xrq5, 18.907849073410034
f0y6gcca, 13.834790706634521
d36nqoj1, 18.123688459396362
4djwq8nj, 20.282554388046265
rhoqj2q9, 7.569033622741699
czhrls6b, 22.74280309677124
46grddu7, 17.018002033233643
6c9a59tb, 19.462823629379272
lrh4zz7y, 19.330088138580322
5wi6oi76, 17.99425482749939
gqrqcx6y, 20.243871688842773
e5quem2y, 18.551141500473022
2smd60zv, 18.11799955368042
tmybr10p, 13.066045999526978
m6gt23vj, 20.818179845809937
r1kt89e4, 19.263297080993652
s65ty1xk, 12.52126169204712
dcukoyvf, 19.2290301322937
5nnouzot, 14.815526485443115
034hxtlg, 18.62629723548889
00202q5m, 6.440554857254028
1vftypkq, 19.964312314987183
ued1pzzu, 18.67189383506775
y9zxf7gm, 10.884976387023926
5ycoa3jx, 18.37927484512329
k4i6zgpi, 18.430878400802612
fwy8mtr2, 18.449474096298218
lsbzs1fr, 18.53359818458557
xl1ik1g6, 18.72537851333618
w0sg4je3, 18.475592374801636
vwcixk1y, 20.330631017684937
0v6sd1s7, 12.09818148612976
690ab1cz, 18.28606915473938
vuhga9r9, 18.627703428268433
26wpzenk, 19.823399782180786
gf81abx9, 6.37550687789917
253cywh3, 7.914333820343018
y2ejvxj8, 7.9997947216033936
24khsfrt, 19.791985273361206
qmr8bida, 18.829843044281006
leibtfmp, 19.66914439201355
mpxb0v2d, 12.566364526748657
di76h40f, 7.936464548110962
gh00jwls, 17.7088680267334
51ethrll, 18.873791217803955
zt8m6qay, 18.3169367313385
anibu7bp, 17.49008870124817
7mvo2vn6, 19.78614902496338
1s1knlhq, 18.249133348464966
e31zz9l0, 12.697760343551636
5akmysna, 6.399187326431274
zg87pi48, 14.010623931884766
p0sfmocz, 18.556455612182617
ijwxaxeq, 20.61875629425049
546egyhw, 19.038386583328247
3cez3w2t, 19.24403142929077
h3o93zvw, 12.507169485092163
tdlqej2s, 11.948479175567627
fsc5cjpb, 18.07243824005127
icidzp1g, 20.028892755508423
hlfoc377, 12.266595840454102
qo7u7w9g, 12.58898639678955
i6chwuwg, 19.962599992752075
75qa80mk, 6.2727086544036865
onioh83c, 18.26460599899292
4067m0gq, 18.315877437591553
rcdzz8lq, 19.622171878814697
mluirdwt, 20.010021686553955
wk45ku64, 19.763744592666626
6sa0aqxz, 18.13132405281067
6noc1ztr, 22.663305282592773
yy8rvuqx, 19.38210391998291
ueklxz1p, 19.981311559677124
9b1c8ptw, 18.217442989349365
zl7m19c1, 19.644710302352905
h1rptv47, 20.489046812057495
b66ryvqs, 18.22952890396118
15iuxf32, 19.224406242370605
fkgycbrq, 6.331021785736084
2a48m7mq, 20.875141859054565
ec4p6ssq, 17.563106298446655
wco42yb7, 18.993793725967407
tmpfhqfq, 6.109391212463379
0xcimscg, 18.24143147468567
px0yvjx6, 22.4087176322937
rihxtdsn, 7.0362772941589355
lazrwk87, 19.286200284957886
wp2x3cmo, 12.919481039047241
wb9hagr8, 20.247480869293213
a413ntfh, 18.60413384437561
78ql07rt, 18.333177089691162
5fu1zq6f, 12.72202467918396
eujdnhhe, 11.095835447311401
uipsbfz5, 12.507856130599976
d6vaeogp, 18.56747579574585
xwlnwgsm, 6.434406518936157
vblmkb9u, 10.825290441513062
2ow8fwqd, 12.146502017974854
024mfmlk, 14.02474570274353
7dtnhivb, 18.468039989471436
29g9xlp6, 19.889050483703613
4d9cfvwi, 18.847575426101685
s4r9n995, 19.732897996902466
oa6muu7u, 18.41947627067566
kxorgv1n, 19.665754079818726
jcpg295z, 19.702718019485474
mq7jxnq0, 15.696654558181763
jl8mjzwv, 19.83487367630005
bn93jmzt, 20.23405170440674
cal0vk02, 19.969102144241333
puu3191h, 6.398021936416626
7r1yjemw, 17.9178683757782
sx5zlai4, 19.976471185684204
qttm1ee2, 19.37876558303833
o3b5v9s6, 17.78223991394043
n3jdoyne, 18.299628019332886
phto49j6, 14.114011764526367
do0c1skv, 13.948644638061523
u0a87lwn, 19.508415460586548
3rroi35u, 18.473966121673584
27l9d4n9, 11.749436616897583
yzzsx9pm, 20.075942516326904
stovh7si, 17.828002214431763
g1p3wsu5, 18.62333345413208
43fjz469, 6.468770265579224
981fmml3, 13.919708490371704
8hfpwijd, 18.095938205718994
jxrkynti, 6.248049974441528
4f6zdkl1, 18.457561492919922
0lhluqdr, 20.22066569328308
qi212omy, 18.2570698261261
4iqqp9nc, 12.234478950500488
3ck02uxm, 12.12575078010559
8cf1ifwx, 19.40850830078125
5svi230k, 18.20413637161255
d9y6lghd, 12.268766641616821
ts9ru3xm, 18.231266498565674
6k3rkku6, 20.004652738571167
9mo6n2x3, 18.25142765045166
bicbelv5, 18.135774612426758
6yx12fm3, 19.52017569541931
q9k12mv7, 18.10529136657715
zbpbtlm4, 14.110700130462646
apglv6l3, 19.61891508102417
d6puw51s, 19.504737377166748
c4cr55qd, 17.96160578727722
1t34t29y, 21.05270290374756
08sobl8m, 19.297473669052124
toc0pgb4, 17.674699068069458
z8nnneph, 6.384364128112793
khz10fst, 20.262245178222656
8y5cejp3, 11.924164056777954
lvx4w022, 17.916574239730835
qtqb0sf2, 10.309110164642334
x6fubv8o, 12.478849411010742
ipr7sjdj, 13.504010915756226
zjdoswij, 5.696097373962402
fbmo8uen, 17.66718578338623
3so0m5px, 5.85528302192688
wor9o1w7, 19.459131956100464
vi84a559, 19.755250692367554
gbbjlck0, 17.147143125534058
zvy8axyq, 19.145771503448486
gmxaqhfd, 19.39828586578369
ultq4b66, 18.72816014289856
f4wl7v42, 19.48315453529358
y7zucbqd, 11.506732702255249
48i5tv7j, 6.394251108169556
odmfozln, 18.374340534210205
w33q753e, 13.9050874710083
qfnbxn0k, 13.836089611053467
aaaatvlo, 18.319737195968628
zte5frb0, 19.762832164764404
qd9j9ldx, 18.73904275894165
5tpm0jvm, 6.294764518737793
n9mvxco0, 14.135253190994263
9l7rbp0c, 20.215376138687134
9uytel5i, 6.6469433307647705
sphsdq48, 17.818824291229248
af9s17c1, 18.23307180404663
fdncg0j3, 18.441477298736572
88eku9ir, 18.13040280342102
fm5cjpue, 20.032012224197388
xniw2h0q, 18.206048250198364
zqns7exo, 18.024338722229004
e6iyf6ex, 5.621038436889648
ocqhzm9n, 12.662882089614868
3us6fis8, 20.699892282485962
2d3lv6b9, 10.556131839752197
wthudvu4, 18.48803424835205
1cdsi97q, 12.584601163864136
gki7e8fb, 18.265339136123657
jhu8khzp, 13.739820718765259
a0qya4nz, 12.545496702194214
hhmxk2g1, 17.93191933631897
sbzav70f, 5.413438081741333
rmpsmu0e, 19.74609923362732
206zl1br, 16.976269483566284
bdc9pi4l, 12.075369119644165
sg8oyfl3, 18.54327154159546
anigkdi6, 12.088402271270752
h1d0dd46, 6.000117540359497
u4yagdim, 17.79917597770691
elimdqjt, 13.243793249130249
h2pnq3eh, 17.64369559288025
ldmpkid1, 12.555530071258545
sxgwdbvu, 18.670377492904663
h8ai22y0, 6.536628484725952
fq449g7x, 18.522527933120728
5bog30d7, 19.150646209716797
qvmutso5, 6.448100566864014
06ikbsjm, 6.330731153488159
euxkt7am, 17.96115779876709
1wh6qy3n, 18.315483570098877
nms42dgb, 18.638824224472046
b925dc2p, 18.180768728256226
9g37l43d, 17.85899043083191
tdqay56h, 17.931223154067993
mj2sdm7i, 17.993743181228638
ylguxfia, 12.36581826210022
bmg43r26, 18.165067434310913
adl4zrmc, 18.021122217178345
frpqvbmg, 12.155247449874878
7k3msxuw, 18.8995418548584
krwjjfre, 12.433746337890625
n8cgbxy0, 20.45528507232666
ocq6d2pa, 12.316926717758179
4dcscdvp, 18.130372285842896
pxm38sq3, 18.454747676849365
q82b3zjj, 18.817360162734985
xxdwl8hu, 18.2101948261261
bv8c4u62, 11.818682193756104
lun7xxr4, 10.494044303894043
3nch24hf, 13.571112632751465
mgsmk2r0, 10.554904222488403
mq319bvc, 9.758785724639893
i5s9oitv, 9.522594690322876
1uehcy4g, 9.199177742004395
9dmpcya6, 10.995205163955688
hqu3po2b, 9.730327129364014
nthpl6ft, 9.833329916000366
pq1ojt02, 9.584681749343872
vxbivk33, 5.967550754547119
w7wqcqcg, 11.522506475448608
k2xkdwwr, 10.136035442352295
litoea4t, 11.86633563041687
juccq3je, 10.142042875289917
pmzjmdkl, 10.62313461303711
inx1vjey, 10.291633367538452
j882wcd0, 9.959200382232666
b81n2zyz, 10.128175973892212
xfr7wa2o, 10.956293821334839
hbygawn8, 10.06065583229065
f5qfn38o, 10.005898237228394
6t64uo1j, 9.919070959091187
e0qjz2d8, 10.62904143333435
hprjzbwd, 10.15194845199585
vnp1cvpj, 10.279811382293701
x4a1givw, 10.277089595794678
hlyupab6, 10.02125358581543
gfwor2y2, 10.113858938217163
o9xpxu78, 10.210152387619019
756sw57n, 9.974944353103638
704x90tu, 10.062984943389893
6tmogtc1, 9.77599835395813
5gwhto3j, 10.756916046142578
xy34b9vc, 9.653633832931519
lacvnc85, 10.194680452346802
sq8cvuge, 10.274340391159058
on3rfq00, 9.55736780166626
6pvk2b6d, 10.54301118850708
z2ckoij4, 10.306146144866943
2lglyx6z, 10.274309396743774
kk5iql0e, 9.615943908691406
q2xyjx24, 11.681274175643921
smbjugig, 11.192391872406006
8pkna4uf, 9.889901399612427
8gw97kiz, 10.363501787185669
vsmdjm61, 10.064023494720459
otsitss6, 10.979651927947998
ed2c1dkq, 10.52628469467163
1qy91bwd, 10.137936115264893
pv49mkc6, 10.443232536315918
7wigrdi9, 10.43994426727295
z38wufci, 10.377237558364868
mugzv7rf, 10.463900566101074
fj67k5wg, 10.515491485595703
1htxq3iz, 10.40816593170166
t3tcj0su, 10.364753246307373
vnvqewyt, 10.61931824684143
rznns74y, 10.36711311340332
lphqb391, 10.6287841796875
6cvq446l, 10.060160398483276
h40m77uu, 6.057281255722046
grjhs7up, 10.456674098968506
5denqyyd, 10.46406364440918
rbest5s2, 5.752924919128418
1axnkuhu, 10.129127502441406
wkexas6z, 11.583034992218018
1xwc30w1, 10.158976078033447
sj1t6a6s, 11.034119606018066
ewjmi6mc, 9.90622878074646
9n8uax7z, 12.252007007598877
4bptklkr, 10.154272079467773
kcixqwaq, 10.037731885910034
wi2b9294, 6.806410789489746
hfz5a9gu, 10.838886499404907
8xtrl2gg, 10.248925685882568
ls2g0098, 10.417053937911987
x5bo137b, 11.557535886764526
nsekzvzp, 11.049774885177612
btpar3s0, 10.71622085571289
zgoft2af, 10.659852743148804
6b3imiv3, 11.508460998535156
mbyg0bi3, 10.803950071334839
zc5vww7g, 10.580479621887207
ebe2jxf6, 10.68483853340149
8jwt3f7u, 11.185753345489502
3no3809c, 10.696962594985962
y3kgty1h, 10.703116655349731
bss60bxj, 10.791438102722168
nx4p5bsh, 10.845033884048462
qw7ng9gc, 10.946154356002808
bpkzcwev, 10.467561960220337
3gpoz3di, 10.744192600250244
hrgrvreo, 10.725813388824463
ro66iu9i, 10.890770673751831
wycsrs99, 10.780434608459473
z9l5wi58, 10.33631443977356
v2rxunik, 10.776804208755493
193tjcev, 10.718218326568604
6o0qqn07, 12.398505687713623
0nxcsany, 12.61063814163208
5j9fkn0a, 11.074753999710083
vu2edpfw, 6.1556456089019775
tube9aqb, 6.1779258251190186
6nx02j6t, 13.105371236801147
6su0z1wr, 11.701409816741943
9qiqdkc1, 10.762095928192139
cu8nmm54, 12.588228702545166
toma2xr5, 12.297147512435913
b85usi66, 11.718650817871094
ex9ew8xs, 10.86737585067749
kzun7cuf, 11.320739507675171
lhz14wjn, 11.7180016040802
67j1qqmp, 12.414544582366943
axbzt4q8, 11.466785669326782
aqzt8kd5, 11.35080361366272
stvftivl, 12.448452949523926
bu6fv7py, 12.460023403167725
hx96k8mw, 11.3166344165802
a3fu7eh2, 11.513227462768555
06lo5rq6, 11.544061660766602
swzz00ex, 12.389968872070312
1i2n6amr, 11.6573326587677
7sr9f8zq, 11.415410041809082
4qrhe3ew, 11.56711721420288
7v8gj2m1, 11.54712176322937
4rkydrwb, 10.942989110946655
xt274mga, 11.471356391906738
7f4k2jv3, 11.64932656288147
10rh71rr, 11.883784770965576
d5gcvg3o, 11.45143461227417
jpfd3l7u, 11.210034608840942
0qe1sr8v, 11.65742015838623
g0xskk6h, 11.206796646118164
8unpb877, 12.238964080810547
17susyv4, 11.893802404403687
21hme0rd, 11.524698734283447
xzsbvtqb, 11.58856201171875
gqb0b7ao, 11.601069688796997
o9ukrlwk, 13.37245798110962
f4853ijr, 12.526394128799438
fioyvsbp, 11.294845819473267
xjld1nrb, 11.364444494247437
t56z2758, 12.269781112670898
titl46x5, 12.387990474700928
sjpgm2h0, 12.036946535110474
ftw9mo67, 12.011779069900513
25pzv41d, 12.693597555160522
jdatgg7z, 11.371155738830566
km9brqlz, 13.016921997070312
r0wy40zz, 12.09240984916687
6jd0xdac, 11.90506100654602
cna1pjls, 12.868264198303223
qg9os6fq, 12.015005588531494
1u1rjvtp, 12.1510591506958
hwa6rtlx, 11.938719987869263
bw57sfi0, 12.041852235794067
k2ypzdyf, 12.425535202026367
ts0ocgwp, 13.35820722579956
wl7e9q0r, 12.075741291046143
hk0vua0j, 12.067726612091064
j2mdl0yj, 12.137114763259888
2su2y4o8, 11.83351755142212
iiow95o7, 12.479135513305664
4hhnregi, 11.967463731765747
t1i548er, 12.631084203720093
elj7h787, 11.892219305038452
vz4p7rsn, 11.934780597686768
lxfspu5e, 6.0923171043396
zrkuvbud, 12.265358448028564
6kb2m539, 12.52060580253601
4e3l4icz, 13.27048659324646
tyt038ss, 11.91799807548523
bog5vsc9, 12.005310535430908
09f2odrd, 5.764927387237549
9gwnr2z0, 13.104299306869507
o1fmm1ex, 11.936784029006958
0b1nh6kd, 13.119348764419556
01a3tedn, 12.390142917633057
fjnulcb1, 11.9964599609375
87kjdysc, 13.144287586212158
efuzdqnx, 11.833608627319336
n51i37k2, 13.448946475982666
gg451mew, 13.077436685562134
g2jnayen, 12.088956117630005
r5qp3mlv, 17.67353916168213
zzz0awi0, 13.071808815002441
yvyrzb8l, 7.3472959995269775
ogupn044, 12.982717752456665
unawhesu, 12.504490852355957
zdnakgdx, 12.480148077011108
yl98x4ni, 12.433796644210815
cc5403q9, 12.482460975646973
wk1s2pn9, 12.66025447845459
e0c8xqc9, 12.23247742652893
8zicoo3j, 12.259077787399292
ib09n5ss, 6.2001800537109375
67ir3ao9, 12.64267897605896
xtum6gfc, 12.738316059112549
y9s4p6p5, 6.152102708816528
c9olenh0, 6.2073681354522705
af28753m, 13.02768087387085
n4ivyc87, 6.213923454284668
0tqlukjn, 12.882399797439575
g36obj2t, 12.576751708984375
hqrhblsf, 12.714428901672363
x9oljjyc, 12.825371742248535
toun0e2x, 13.156946420669556
3z34vaw8, 13.046969413757324
q56w1z0o, 12.685719728469849
v779bfrb, 13.119573831558228
ywvsfxzf, 14.01418685913086
hlu7ubo7, 12.96316933631897
niugwdoe, 6.134405851364136
abcia4fg, 12.623162984848022
ndzpg0fi, 14.342269659042358
2369ghqw, 13.033143758773804
ix9fdxq6, 5.963998794555664
xp3wavep, 6.050213098526001
xi9uj6t1, 12.854173183441162
2ebakb36, 12.978682279586792
3cz0hwnn, 13.326323509216309
je9drif9, 12.878820896148682
pe7cfg79, 12.832542657852173
hcpgkqzx, 12.87015700340271
w2gwtgvb, 13.270357608795166
yt53lrfn, 12.772464513778687
uqhqwkk0, 13.418637037277222
7pzxf246, 13.261358976364136
5rap2kt4, 13.682795763015747
jg5cl4v8, 13.568400621414185
qlclfqu3, 13.597880840301514
4nx4lde6, 13.331742525100708
z3h1q69c, 13.381442546844482
3p9jxlkq, 13.083169221878052
yb9aykcy, 13.036768198013306
8gv20kol, 13.718337535858154
qppbrk3h, 13.849231958389282
35qufja2, 13.92469835281372
pokz8m1h, 14.838412761688232
er491cwf, 13.613245964050293
68uilp1u, 13.262078523635864
dy7qg84u, 13.043566465377808
rxfv54q4, 13.495481252670288
tpd115fd, 13.248862981796265
w17rv9kr, 12.939048528671265
vobo5z2a, 13.138154029846191
4awpooaa, 13.13872766494751
x8inrdbl, 12.798555135726929
6jqu7501, 12.950441837310791
fklpfqjy, 6.097860097885132
tf50t8u4, 6.170196294784546
626k0ulj, 15.936597347259521
uoppv172, 16.45460820198059
xag5toi8, 17.463988542556763
nb9inaho, 16.639126300811768
iq5umzhf, 16.52405285835266
iz9xc3rg, 8.209734678268433
r1azto3m, 15.730664730072021
av70m9lf, 15.17756962776184
03nxxlpb, 15.706174373626709
oa9e0wrd, 18.389451265335083
lafyjivl, 15.157888889312744
9w6q4r6l, 15.422540187835693
rmomfvw6, 15.032775163650513
uisf9c1c, 15.304658889770508
wc98musm, 16.8752703666687
yiy12im3, 10.413106441497803
lroc936r, 10.767596960067749
mgmuspcp, 9.818639755249023
yha9g1qz, 10.684902429580688
sdtccim9, 9.429070711135864
0cipgezh, 9.05020785331726
7vac4u0l, 9.022773742675781
qkgl0hxl, 8.891827583312988
38ykpy18, 12.859305381774902
fzv4ocql, 11.046520233154297
ufmwbe2k, 11.193977355957031
nhsgvx9x, 11.210350751876831
bab2e20v, 11.1394784450531
ssd0mz9g, 11.406574964523315
qelase79, 10.703801393508911
zzcolfug, 10.83423924446106
qlypww0h, 10.53146743774414
u1nhnlei, 12.132910251617432
b5aqjfhx, 10.594988107681274
nfccqjw8, 11.868963479995728
6xpssmmh, 10.429439067840576
5app22ss, 10.387036561965942
log42zj7, 10.362282276153564
rzf2s1hm, 11.411111831665039
v3793smp, 10.455779552459717
kfk55ahc, 10.500215291976929
5ljgsk0g, 10.020484447479248
qok6zcw6, 10.091874599456787
xbjrt6zb, 6.079024314880371
lf8yej0t, 11.632957458496094
3qxylczl, 9.912583827972412
cacn1qlc, 10.02691388130188
bvdklosl, 9.963102579116821
s1auokr5, 11.389904737472534
sqg8mjqo, 9.976631879806519
pyqvh64t, 9.793421983718872
i0dd840j, 11.377469301223755
2rhc8mbo, 9.893121719360352
zkk183jm, 11.88622236251831
xu16ltgg, 7.588526964187622
kuevl7cy, 11.404583930969238
n2q9p297, 11.44617772102356
4rs7v682, 19.4551682472229
wjwtnrvm, 11.504414081573486
flpklplc, 14.583092212677002
do04un2u, 13.456270694732666
pbmh11xo, 11.752010822296143
fgl1yop8, 12.073837041854858
fc4cdq6b, 12.964591979980469
4hr0b9if, 12.081474781036377
59ac28zt, 11.123291730880737
273r93wx, 11.194050073623657
75xe2l8s, 11.543277978897095
3ujqb9g6, 10.808214902877808
ka2z2tgt, 11.366401433944702
ugv87hsl, 11.261892795562744
mlsck17e, 11.050023317337036
z1t4zcyz, 11.219921588897705
k71y9r0i, 11.54356861114502
jfplu342, 11.29016375541687
4vo7830i, 10.851380109786987
yl7zamxb, 10.705044507980347
0gtqhu9s, 10.666679382324219
ktoojr5r, 10.14311957359314
kstcsq23, 10.419502258300781
akk2u3k5, 10.00396990776062
85u9rpc8, 10.13783049583435
lga9v0zj, 10.609561204910278
nhexcqfq, 11.784817695617676
6yaedl9b, 10.400488138198853
sbhdblg4, 10.657536745071411
36z24u7p, 10.213641166687012
uyam97g3, 12.081592082977295
3kftmtfm, 10.03378438949585
7u462noz, 10.277761220932007
5aexc2q2, 10.09622597694397
ycvq0vla, 10.17191457748413
j1y8rjq2, 10.660353660583496
8tcu7h5y, 10.17867112159729
9t28laba, 13.162487745285034
psnx1z3l, 12.1538724899292
q0o4sr0c, 10.329214096069336
i5q25j54, 10.263436794281006
vrzgqtgd, 12.347688674926758
8g64dvol, 10.325831413269043
j4asds4y, 12.3699049949646
cpf2vr61, 13.506143569946289
cd6pdco8, 12.815541982650757
6n94u923, 12.527713298797607
ujjy1f7j, 12.255739212036133
ej0moam3, 12.10148024559021
h0yqudhr, 25.388064861297607
0yzx0euv, 13.459309339523315
1ffuyipw, 13.131892919540405
ezjogxgr, 13.568418741226196
7wnsonn1, 13.482633113861084
jhztbq4a, 13.490171432495117
sotz72pg, 12.814357995986938
k66g68l7, 13.71599555015564
yxr16806, 12.68953013420105
y8mknjbe, 13.15449571609497
zebr9hhh, 13.410088300704956
9ygftdm8, 12.218746662139893
n6x2k8sl, 13.561890125274658
22nkkwag, 12.648064374923706
ebbg3dmq, 13.55812668800354
2rrjtu4k, 13.075195550918579
kstzzd5u, 12.774934768676758
ah67oq1m, 13.445775032043457
qdb2tny4, 12.42311692237854
vivwva0f, 13.67445421218872
v6gxptq6, 12.834581136703491
v68lojhu, 12.252395629882812
k3bossmw, 13.291993379592896
27ih55sa, 12.603068828582764
tswn08v0, 12.77194857597351
exg2p1t8, 12.35550832748413
zb30jkqm, 12.358100891113281
72yuj93f, 12.603378772735596
rdvim0q6, 12.16601824760437
kd4jdiu5, 11.688116312026978
vk7gobqh, 11.664664030075073
7x19khtg, 11.541083335876465
iv3mybo6, 6.419213771820068
kqkkaejp, 11.832693815231323
kpg02d7r, 11.81186318397522
nj0pum9f, 11.928421974182129
pypjvmh6, 13.40990686416626
83ndge2j, 11.913920164108276
0y0a7sny, 11.799730777740479
9jbvnqin, 13.50731611251831
arqdui7h, 12.034018516540527
slzjs9n6, 12.157898426055908
t5bb8b5a, 13.53127932548523
vvnrw3r7, 11.759943008422852
0v72kgj5, 22.824827194213867
49ccuxrx, 12.54884147644043
azlvcrjf, 14.029542684555054
fx9m07a9, 13.593723773956299
lhvt0kli, 13.041003942489624
iqtii6js, 13.965641975402832
tb9pgoy3, 12.851304531097412
iw6mopwi, 8.41913390159607
l2kbxplh, 13.725315570831299
xq9x1adv, 13.402768611907959
owlvzi0m, 12.704071283340454
pt6y1s1f, 13.431454181671143
rdxqmwq1, 13.37586498260498
g1p1w4nv, 12.33768916130066
liyy1d9v, 12.487724781036377
3lav1u6w, 13.111826181411743
pnndrzih, 12.81728196144104
oy1uocog, 12.180207967758179
oi98ymg4, 13.05388355255127
dl1ar432, 12.107480525970459
k4nuwvhs, 12.915044784545898
7gm33gfd, 12.718999147415161
11s4etzd, 13.086150407791138
6c0v9uk4, 11.815458297729492
wqiv1v3v, 11.68504810333252
bpb0d4dz, 11.604589223861694
htjg2t90, 12.976693153381348
bk9ep0wz, 11.668150424957275
818owpew, 11.86929988861084
pi1oma98, 11.678815603256226
vct02fyv, 6.692040681838989
w0axg9om, 11.871570348739624
7pcu3sqg, 11.628856897354126
t2lqujv9, 11.503329038619995
deaw0j8s, 13.188720703125
dv5sypnr, 11.34653925895691
fcurd8hl, 12.991642236709595
7xv5oob2, 13.16369366645813
mrvxqh39, 13.040431022644043
vzhkc1rl, 12.784097909927368
weln18it, 13.282916069030762
an5dgqpz, 13.169840574264526
gnbrvif9, 12.82111406326294
2zdovvau, 14.62179160118103
g98l3obk, 13.051067590713501
64bqj5li, 13.07427453994751
2wows2dr, 13.055541276931763
96mf1zqb, 6.512824296951294
9lvprgq3, 13.220341920852661
5v1l10jq, 13.387405633926392
rpe0sx9c, 13.28589677810669
74757wrs, 13.486981868743896
6odj12y7, 19.384077310562134
8sgboo4m, 13.050798416137695
79j6ud0f, 13.167070627212524
gj9ya6u9, 13.308806657791138
c5svcixs, 13.733927965164185
alr4ahyo, 13.767456531524658
63uku93m, 14.763463258743286
bs8t0cmp, 15.468687534332275
abdaz0be, 12.979840278625488
8n7bx00a, 13.664281129837036
bv06wpws, 13.690004348754883
sfij16vz, 13.625032186508179
uot7qcgn, 15.003775596618652
qw5b95d3, 14.637217283248901
78d5wdrr, 14.556028842926025
khzq06ol, 13.308375358581543
k2xzav90, 13.653519630432129
8t3vb6d6, 14.66452670097351
15ez7jgp, 13.01201343536377
gvx7c66o, 13.562335014343262
w26eogzy, 15.665790796279907
0sgdlwrv, 15.076080322265625
6c5vamfm, 15.286416292190552
hls2406z, 15.467781066894531
n8i2lkmq, 15.286843299865723
gpnbbg8l, 15.154986143112183
cvdmsxv8, 14.983022689819336
i04fotxv, 14.342787265777588
dk90av0l, 6.884853363037109
qzaa4yb9, 14.23138689994812
24cirkgi, 14.546013832092285
59km1sjm, 14.596864223480225
jiuomjjb, 6.273616552352905
8iq1nf0y, 14.569106101989746
riaeefp1, 13.64706826210022
n9ah54ji, 13.17771577835083
vejdbu1y, 14.431483030319214
6mzvwfpf, 12.977779150009155
go2dm3go, 13.018509864807129
r7oojmsf, 13.073509693145752
ji5ygi2s, 5.3603127002716064
r7qnbow0, 5.388963937759399
vjo0eh8l, 13.006621360778809
g93lvbuv, 5.093980073928833
k622gnub, 5.159190654754639
3xnzdnqe, 17.346622228622437
o834zk1l, 16.21997833251953
ustibiko, 16.422086238861084
exceeywm, 16.220662355422974
10001kix, 15.965651750564575
nlp4yrvo, 17.017587661743164
bg9tzpss, 15.816777229309082
nf84dgfo, 14.528175115585327
0p3aka4n, 14.63229513168335
w2llpaop, 14.610191583633423
hd76cvgb, 14.942276000976562
upfdymnm, 14.652653217315674
gn8l78a9, 14.484560489654541
nm2i088m, 14.486521005630493
htrywrot, 14.332159996032715
uiilmquc, 14.192394256591797
2l7tlic3, 6.040900707244873
qm1wlm0z, 6.008647680282593
98m0vxo3, 15.252393960952759
pve1kzxq, 13.783470392227173
y4s45y49, 13.58528757095337
xp87l97f, 13.979475021362305
s0mnhxrg, 14.791587829589844
49gzubk1, 13.588633298873901
xmoyg903, 15.210227966308594
ssmhm62y, 13.654923915863037
4o8vfxbw, 13.137991905212402
qsjkwc67, 15.273661613464355
7l6ydbij, 15.244279384613037
0e54gmuc, 15.173076629638672
1g1rdg08, 7.157176971435547
m3tmw9p7, 15.174932479858398
7ffzpufg, 15.518306970596313
8irq9ptn, 15.220603942871094
osi67pnz, 8.336626291275024
5icphlhb, 15.853955030441284
76aifi07, 15.417674541473389
w3t56kk8, 15.52568507194519
ahs61792, 14.923825740814209
rb5i02tb, 16.62913203239441
5n1v2zdw, 17.061392545700073
l3qy85g9, 15.937307357788086
4l7s5v1h, 15.81830358505249
qvpb7o3x, 16.135366439819336
1uonyyp1, 16.424718379974365
ax7bxhx3, 17.10723066329956
yya3f1hg, 7.432719707489014
7cyk6ip2, 25.62974524497986
d3leend4, 17.3287570476532
9bxmvdm3, 16.95513677597046
brwaapl3, 16.32091975212097
oudjnph8, 16.027109384536743
1ikrycpk, 16.163739442825317
t9gfl434, 15.827463150024414
vcdfwwsu, 15.810892343521118
hen94xiy, 15.221907138824463
ttuymbp4, 16.156877517700195
85xgktge, 14.788118839263916
pmoofwwj, 15.37588381767273
q3jfikp5, 6.862610101699829
sb5unon5, 15.00154733657837
rjbgbhbe, 14.634260654449463
0x6q1lxs, 14.716015338897705
kr5ltm8i, 14.438727855682373
ieozqx8b, 14.586955547332764
znw80ee1, 6.438732624053955
cnqh0scv, 14.96593689918518
1y5a2uxh, 14.871134042739868
vjqnzwsu, 14.456690311431885
68e8mfxm, 13.94941782951355
u8j5c7we, 14.332420587539673
z4x7s8rv, 14.085061311721802
izchsm6m, 13.916639804840088
7vrkq2q8, 13.429952144622803
o5u08ta0, 5.559946775436401
mc0fgzdy, 17.287075757980347
3l1cy836, 16.42716360092163
q2vt0n15, 15.518763780593872
dhhshyho, 15.824898958206177
q2fc3klw, 15.690703868865967
1o9ekcza, 15.857383012771606
pslqeoow, 15.764363288879395
jf8xvmv3, 15.789416551589966
oq1dwycv, 6.9888482093811035
w251e5tl, 15.794641017913818
up0a0xmn, 15.646145105361938
818jrkpb, 15.793563604354858
91j1oymu, 15.331496238708496
ais732nx, 10.190710306167603
mpbnweph, 6.643550872802734
w1be9nsi, 15.538533210754395
5guim3ht, 15.066044092178345
peqsz2zu, 14.894947290420532
n51d0b6o, 15.483492136001587
nse9mpn2, 9.84689974784851
psv3dx9r, 15.079357147216797
i5jxtyg2, 15.14563274383545
lx2ybdfc, 6.709626197814941
3tmdwlt2, 15.443146467208862
y89kiuoi, 14.942803859710693
o4kmllgr, 15.065422773361206
p0qza3yx, 14.590152978897095
h9mln2li, 14.955995798110962
alc8mfxs, 14.744998693466187
gf91f59y, 14.809345006942749
hup4fn5e, 14.869794130325317
ga3oft2z, 15.110713243484497
7tughgw6, 15.203521966934204
gjwiimho, 15.183000087738037
lpl4x47g, 16.22387671470642
usetlyxd, 16.021775722503662
uwqu0cey, 15.297508716583252
dx3r09vd, 15.266875982284546
kg7ydt7f, 16.1458740234375
jutemy6a, 16.554089307785034
8bqd48ha, 16.670005798339844
x77zpepq, 16.014424085617065
hnrp9sta, 15.987396717071533
gusv1hnu, 15.945780277252197
5y3af4es, 16.16052746772766
annunbji, 16.486757040023804
zzhy42li, 16.321749687194824
pw7417sy, 15.981132984161377
zvrvjrd7, 16.118114709854126
ziib007a, 16.46875762939453
4nz1j3xg, 18.437628030776978
skxcanud, 8.99272608757019
uc370jha, 17.608583450317383
lcdrh4nv, 12.332495212554932
ca02wbun, 16.742231607437134
wh58mmqx, 7.545671701431274
3nzyrrm5, 16.510251760482788
8sgfjz3e, 15.957432746887207
dng4jjcz, 16.069472074508667
ovp04dbc, 16.516685724258423
mwa6py7z, 7.189366817474365
zsj5t200, 16.24664330482483
lzv2j74q, 16.332257747650146
l2qkh80c, 15.91123104095459
gpvqypwo, 16.09971594810486
nrlpn8z0, 15.891150712966919
rb5lf8vg, 16.160656929016113
cvp59b8e, 17.56110167503357
z1g5asjk, 16.066656589508057
st4rj685, 15.585679292678833
cmglusoq, 15.971532583236694
161cy2y8, 15.791053056716919
jmjssv12, 15.56758189201355
f35ke91k, 15.774015665054321
ijo06003, 15.383037090301514
4ep92i0c, 15.182962417602539
eqqldl0c, 15.361377477645874
6ngdby6v, 10.337745904922485
lrxt4jo0, 15.783019065856934
uejin04i, 16.787681579589844
vbrb0uk3, 17.115949630737305
8r6zwr1n, 16.208021640777588
32owdaey, 15.374230861663818
q3467llv, 6.300426721572876
cjya8uqc, 16.566617012023926
rhge573i, 16.102899312973022
l57ovuxn, 16.65811562538147
vf7ugt0g, 16.255428791046143
tvna9m00, 15.757297277450562
j79cmw43, 15.659978866577148
htj02g6j, 15.375108480453491
w04nbypy, 15.508509635925293
e77suz85, 15.87294054031372
ed5kwm1o, 17.726215362548828
hxtpan46, 15.869440078735352
3k73r8t9, 15.806456565856934
woci77um, 10.845243453979492
p6mn0m29, 14.636992931365967
p6a1blt2, 11.607858657836914
4jsa2ym4, 17.47676420211792
74xl8wvg, 15.85779333114624
saskwm51, 16.34347915649414
v6dx5xqa, 17.54869818687439
c1c7n4b1, 11.516784906387329
8opby7mi, 16.584574460983276
aosjtf54, 16.59942054748535
30cqhp18, 16.05276918411255
mnh56oyn, 16.10281753540039
882vuoge, 6.894903898239136
zn921snd, 15.399491786956787
2o5265uw, 15.509580612182617
a1e7n75y, 16.03390407562256
uizlqq7l, 15.964704036712646
rhxb780v, 7.565200328826904
hx2b8p7e, 6.5270726680755615
uwa6xcrx, 15.838121891021729
z0g6yuff, 6.649608373641968
4txbnidf, 15.290563344955444
8wjfsys9, 16.05953359603882
rqeicxq9, 15.851669549942017
cz9o58e6, 16.2863552570343
zigaeb7f, 15.523272037506104
ug35lf4z, 25.577304363250732
u4j4pf44, 15.83071231842041
rluebret, 15.422041893005371
mwvnsbju, 15.514724493026733
7h5j1cr2, 15.2150559425354
um5pwjex, 15.474367380142212
ezv8rjcs, 15.834261178970337
yju7w8r6, 15.188862323760986
99sfvelq, 16.214795351028442
0f659t7c, 16.5470073223114
y27mbm9y, 15.384346723556519
yq3x8r9x, 15.780938148498535
h4ppbwh7, 16.184087991714478
dnon93bl, 15.848690032958984
84hgv6u2, 15.576582670211792
55098r2a, 14.964184522628784
vrdyw7jg, 14.488213777542114
0iizq66k, 27.207371711730957
oqlmzd40, 6.6771135330200195
04innfc0, 15.670571327209473
f3bbe7nz, 15.790697574615479
06jgw0sy, 16.25660252571106
cfzochqd, 16.165999174118042
tshxezff, 15.77639102935791
4dyok552, 6.406389236450195
08p5jn3k, 18.052330255508423
xn04l4ol, 16.16459584236145
1s6poum7, 17.807225465774536
x8lyo9fr, 17.893320083618164
mvi19evt, 15.174297571182251
9kuxfhbx, 17.00932550430298
ofommbac, 16.641895055770874
2qpw3yct, 17.072845458984375
a7hy4693, 16.149053812026978
xzd654g8, 15.898993730545044
xlyjt1yp, 15.932101011276245
62moy2mm, 15.573314189910889
9nblhe09, 14.116069316864014
mr46fqmx, 15.351747035980225
jv96bsv2, 15.220253944396973
hc6jee7j, 15.514365434646606
8ya1rrwq, 16.4284565448761
g9vwycmg, 14.90151071548462
ynpv4ck8, 15.005498886108398
1l0oy948, 14.830785274505615
5te8j5li, 14.671396255493164
di2kebk3, 15.206859588623047
7iqxgfcd, 15.157572507858276
gojfwln1, 14.519352436065674
0worz10b, 14.400102376937866
yosvgou4, 5.55079984664917
kbjx36lp, 14.303741693496704
1v5yqhac, 16.66239047050476
ryt8mlvo, 16.546407222747803
opggk4j4, 16.252545595169067
ij17r4ss, 18.962023735046387
imf65a0o, 7.256860017776489
ixgub8fl, 18.799123764038086
zuxlzuup, 7.598535060882568
hwgn8y09, 16.67123246192932
qivrpmlj, 15.938674688339233
at1a0q01, 7.992522478103638
gvyh6mib, 17.26805591583252
2ty2ucon, 15.638191223144531
yr6mg5ed, 17.466220140457153
0xvza17o, 16.485329151153564
v5nuqwzp, 7.394967079162598
blxnhgf2, 17.450023651123047
hivtmxks, 16.33183240890503
zi0jdcav, 17.300448179244995
8jbt2pvq, 16.497187614440918
ksphpfp7, 17.02106261253357
ciwn8epa, 20.05120873451233
l61i07so, 11.415693998336792
if81034f, 16.21376371383667
aylv4x5c, 16.45108151435852
q4s661t9, 15.641121864318848
94i86e61, 18.434967041015625
yrbtmaan, 17.338825225830078
adh2w3t8, 8.6589674949646
n9s8d4v7, 17.461146116256714
de1zjba4, 19.1230685710907
25jfkcb0, 17.82747745513916
l1rjrage, 18.374643325805664
ergzdc03, 7.581196308135986
psmh92zu, 17.803542613983154
297mwj55, 16.88961410522461
t1585zns, 18.186437129974365
aok73s42, 11.339972257614136
hoyi8s4y, 17.802056312561035
fp7kiq7o, 16.636784553527832
fct6fdwq, 7.11247181892395
8mfp1e0z, 7.3603410720825195
zkd45mxe, 16.53413438796997
4kdg6s43, 15.505338907241821
yart4sr2, 6.379190921783447
932or38u, 17.07075262069702
37z88vy5, 6.108442068099976
vgtstfi8, 15.290205717086792
wiboap08, 15.33221697807312
e0b6t8o7, 15.607652425765991
96bcj3ri, 15.33240795135498
2z4hsj5e, 16.83211851119995
o6lm3d5u, 16.287573099136353
b68ph797, 16.696845293045044
hcvi9uyt, 16.20867156982422
67w0oc9p, 16.029232025146484
dsy68o9v, 6.935931444168091
7pp6k92l, 16.17549729347229
026lxuuh, 15.965867280960083
smnsu5kx, 15.822485208511353
i2ae1q6f, 7.233560085296631
om414wb6, 16.035687923431396
xghqr4l1, 15.770917654037476
6wyxgm8v, 17.521881341934204
0dx1kedr, 7.358323335647583
36kzk4h0, 16.02233910560608
bopgkn9a, 15.527404546737671
eklizqi7, 15.313411951065063
okjkamip, 15.292764663696289
mb2ac8uw, 15.310333967208862
8wjmilwd, 15.609196186065674
72tuzvwn, 15.776844024658203
4gzpal1p, 15.436714887619019
q34mq26l, 11.111175775527954
fx37tr5y, 16.167724132537842
bjqi57zs, 5.546282768249512
wauhh76l, 16.35442590713501
qt49rqzs, 16.091342449188232
zztkrodw, 16.182018041610718
uk4qk1io, 15.929920196533203
cjixhdmi, 16.70897126197815
97z9d78b, 18.519479751586914
b0ng1hc4, 8.146154403686523
p9czuvrv, 7.174150705337524
yf6nonj7, 18.880738973617554
e3qmmc6u, 11.873185396194458
99kxkjxs, 15.730346441268921
eixsf3s7, 15.702044248580933
5gkh1kbc, 14.019924879074097
2iyyxxda, 21.44487500190735
ztomlju8, 15.255619287490845
4uwvgexp, 15.707157850265503
nrbg9851, 9.9524085521698
ihutilm8, 17.571698665618896
g5l51xan, 15.981189966201782
fey10mow, 11.569336414337158
kia71y6h, 17.23753070831299
qzlhfq0s, 16.292564392089844
vmi8ehmi, 15.116244554519653
6m83ve0p, 16.295257329940796
pexfraia, 10.496479034423828
65i6wqtx, 18.36617159843445
vvghcopo, 17.378057956695557
nv7bc461, 12.555907487869263
auslx8xn, 8.147740602493286
p7jcsjvf, 16.981558799743652
5xyvjpa0, 7.395758152008057
dl0vuzst, 17.450153350830078
kwrw4cfa, 17.45709204673767
1jpeuiqm, 17.909188985824585
090fzjg8, 16.729724884033203
tboryb2c, 17.59528946876526
a1v9va6a, 12.238849878311157
brz12xmr, 16.539435625076294
i4brjdhm, 7.14637565612793
1nmf8ltu, 16.53669309616089
n2u3gjpr, 16.83576726913452
8913da8n, 15.951768159866333
xtqtnapr, 16.585055351257324
jzjeijtr, 11.723787307739258
7i6wiwju, 16.44502019882202
sdd8qdpc, 17.186065673828125
9m074ic1, 16.0615975856781
e72ucrjl, 17.100564002990723
f6hz34qn, 6.29585337638855
yuh3kvb2, 5.666976451873779
